line_ref,route_short_name,operator_id,operator_name,lat,lon,bearing,velocity,recorded_at
3695,3695,3,Dan,32.793091,34.959557,236,29.0,2026-04-19T14:35:42+00:00
3695,3695,3,Dan,32.790298,34.961525,90,25.0,2026-04-19T14:35:42+00:00
3695,3695,3,Dan,32.819801,34.993771,128,0.0,2026-04-19T14:35:42+00:00
3695,3695,3,Dan,32.788788,35.000942,228,0.0,2026-04-19T14:35:34+00:00
3695,3695,3,Dan,32.785339,34.995171,90,11.0,2026-04-19T14:35:38+00:00
3697,3697,3,Dan,33.295864,34.469318,144,0.0,2026-04-19T14:30:45+00:00
3697,3697,3,Dan,32.787949,35.000881,72,7.0,2026-04-19T14:35:14+00:00
3697,3697,3,Dan,32.821098,34.986721,292,0.0,2026-04-19T14:35:37+00:00
3697,3697,3,Dan,32.830853,34.988716,292,31.0,2026-04-19T14:34:59+00:00
3651,3651,3,Dan,32.784439,35.016361,256,0.0,2026-04-19T14:34:37+00:00
3651,3651,3,Dan,32.822269,34.992783,316,0.0,2026-04-19T14:35:04+00:00
3656,3656,3,Dan,31.717039,35.99926,142,0.0,2026-04-19T14:35:03+00:00
3656,3656,3,Dan,32.793777,35.016235,138,0.0,2026-04-19T14:35:16+00:00
3659,3659,3,Dan,32.776619,35.02784,62,0.0,2026-04-19T14:26:58+00:00
3659,3659,3,Dan,32.801407,35.011059,324,0.0,2026-04-19T14:35:01+00:00
3641,3641,3,Dan,32.789146,35.019093,326,0.0,2026-04-19T14:34:42+00:00
3641,3641,3,Dan,32.824718,34.987389,292,42.0,2026-04-19T14:35:11+00:00
3644,3644,3,Dan,32.820618,34.995911,132,0.0,2026-04-19T14:35:41+00:00
3644,3644,3,Dan,32.808392,35.001423,138,0.0,2026-04-19T14:35:01+00:00
3644,3644,3,Dan,32.794136,35.012714,138,0.0,2026-04-19T14:35:22+00:00
3662,3662,3,Dan,32.791428,35.022732,130,0.0,2026-04-19T14:34:41+00:00
3662,3662,3,Dan,32.794682,35.002914,302,0.0,2026-04-19T14:33:59+00:00
3662,3662,3,Dan,32.775814,35.008793,358,0.0,2026-04-19T14:25:17+00:00
3612,3612,3,Dan,31.716145,35.999947,244,0.0,2026-04-19T14:34:46+00:00
3612,3612,3,Dan,32.829647,35.08456,216,0.0,2026-04-19T14:35:36+00:00
3612,3612,3,Dan,32.832623,35.074444,342,8.0,2026-04-19T14:35:21+00:00
3612,3612,3,Dan,32.81847,35.055435,306,0.0,2026-04-19T14:34:51+00:00
3614,3614,3,Dan,32.847115,35.063023,86,8.0,2026-04-19T14:35:43+00:00
3614,3614,3,Dan,32.839638,35.090405,292,32.0,2026-04-19T14:35:39+00:00
3614,3614,3,Dan,32.839981,35.095421,208,0.0,2026-04-19T14:35:41+00:00
3616,3616,3,Dan,32.806065,34.997154,162,0.0,2026-04-19T14:35:32+00:00
3616,3616,3,Dan,32.790207,34.988331,78,32.0,2026-04-19T14:35:41+00:00
3617,3617,3,Dan,32.807617,34.992393,328,0.0,2026-04-19T14:35:04+00:00
3619,3619,3,Dan,32.86182,35.092995,322,0.0,2026-04-19T14:35:40+00:00
3619,3619,3,Dan,32.824055,35.082451,256,0.0,2026-04-19T14:35:39+00:00
3619,3619,3,Dan,32.816868,35.078793,224,0.0,2026-04-19T14:35:36+00:00
3619,3619,3,Dan,32.8437,35.063248,30,34.0,2026-04-19T14:35:30+00:00
3619,3619,3,Dan,32.84433,35.06176,26,0.0,2026-04-19T14:35:14+00:00
3600,3600,3,Dan,32.80584,35.000748,180,0.0,2026-04-19T14:25:25+00:00
3600,3600,3,Dan,31.717564,35.998547,142,0.0,2026-04-19T14:35:09+00:00
3604,3604,3,Dan,32.861328,35.09314,82,20.0,2026-04-19T14:35:16+00:00
3604,3604,3,Dan,32.84483,35.091965,96,0.0,2026-04-19T14:35:16+00:00
3604,3604,3,Dan,32.839451,35.081238,304,0.0,2026-04-19T14:35:40+00:00
3606,3606,3,Dan,32.854645,35.080025,168,19.0,2026-04-19T14:35:42+00:00
3606,3606,3,Dan,32.839218,35.081619,130,0.0,2026-04-19T14:35:32+00:00
3606,3606,3,Dan,32.856033,35.094883,186,25.0,2026-04-19T14:35:38+00:00
3633,3633,3,Dan,32.821648,34.993107,118,9.0,2026-04-19T14:35:00+00:00
3633,3633,3,Dan,32.816196,35.000885,146,0.0,2026-04-19T14:27:34+00:00
3633,3633,3,Dan,32.786354,35.007778,114,16.0,2026-04-19T14:35:09+00:00
3633,3633,3,Dan,32.788082,35.018909,108,0.0,2026-04-19T14:35:43+00:00
3636,3636,3,Dan,32.788151,35.000626,76,36.0,2026-04-19T14:35:24+00:00
3636,3636,3,Dan,32.820053,34.993027,298,37.0,2026-04-19T14:35:07+00:00
3639,3639,3,Dan,32.831478,34.96727,294,0.0,2026-04-19T14:35:20+00:00
3639,3639,3,Dan,32.819981,34.999119,128,0.0,2026-04-19T14:35:13+00:00
3639,3639,3,Dan,32.807735,35.00489,156,0.0,2026-04-19T14:34:48+00:00
3639,3639,3,Dan,32.777935,35.022305,130,0.0,2026-04-19T14:35:43+00:00
3620,3620,3,Dan,32.845119,35.091576,116,0.0,2026-04-19T14:35:41+00:00
3624,3624,3,Dan,32.808559,35.001263,132,0.0,2026-04-19T14:35:41+00:00
34637,34637,37,Electra Afikim,32.310009,34.881427,196,29.0,2026-04-19T13:55:41+00:00
34620,34620,5,Egged,32.059326,34.863613,332,0.0,2026-04-19T14:35:15+00:00
34620,34620,5,Egged,32.067497,34.848755,244,0.0,2026-04-19T14:30:54+00:00
34620,34620,5,Egged,32.071648,34.797512,286,25.0,2026-04-19T14:22:41+00:00
34620,34620,5,Egged,32.080406,34.794212,18,25.0,2026-04-19T14:34:46+00:00
34619,34619,5,Egged,32.116703,34.803856,218,0.0,2026-04-19T14:35:00+00:00
34619,34619,5,Egged,32.090622,34.795269,180,0.0,2026-04-19T14:35:01+00:00
34619,34619,5,Egged,32.077694,34.792328,194,43.0,2026-04-19T14:35:26+00:00
34619,34619,5,Egged,32.061344,34.804951,160,0.0,2026-04-19T14:35:40+00:00
34619,34619,5,Egged,32.055748,34.83371,204,32.0,2026-04-19T14:35:15+00:00
34619,34619,5,Egged,32.065262,34.845669,50,0.0,2026-04-19T14:35:31+00:00
3712,3712,3,Dan,32.788998,35.007393,90,0.0,2026-04-19T14:35:00+00:00
3712,3712,3,Dan,32.787422,34.999588,268,0.0,2026-04-19T14:35:41+00:00
3712,3712,3,Dan,32.802494,34.987324,120,18.0,2026-04-19T14:35:41+00:00
3712,3712,3,Dan,32.807709,34.990337,330,0.0,2026-04-19T14:26:18+00:00
3712,3712,3,Dan,32.820431,34.992535,308,0.0,2026-04-19T14:34:59+00:00
3719,3719,3,Dan,32.792934,34.957832,272,0.0,2026-04-19T14:35:34+00:00
3719,3719,3,Dan,32.819641,34.958744,10,0.0,2026-04-19T14:35:41+00:00
3719,3719,3,Dan,32.804131,34.98568,164,0.0,2026-04-19T14:34:23+00:00
3701,3701,3,Dan,32.802765,35.007187,82,0.0,2026-04-19T14:35:34+00:00
3701,3701,3,Dan,32.823498,34.976349,296,0.0,2026-04-19T14:35:30+00:00
3703,3703,3,Dan,32.821087,34.969563,24,22.0,2026-04-19T14:34:42+00:00
3703,3703,3,Dan,32.80571,35.002068,128,0.0,2026-04-19T14:35:01+00:00
3709,3709,3,Dan,32.830124,34.984142,292,0.0,2026-04-19T14:35:29+00:00
3709,3709,3,Dan,32.818996,34.99139,204,4.0,2026-04-19T14:35:40+00:00
3709,3709,3,Dan,32.80727,34.999046,158,0.0,2026-04-19T14:26:13+00:00
3709,3709,3,Dan,32.786873,34.99604,98,0.0,2026-04-19T14:35:33+00:00
3709,3709,3,Dan,32.785885,34.988354,42,0.0,2026-04-19T14:34:52+00:00
3709,3709,3,Dan,32.782349,35.012775,90,0.0,2026-04-19T14:35:25+00:00
34675,34675,15,Nateev Express,31.696256,34.759361,160,76.0,2026-04-19T14:35:29+00:00
20070,20070,3,Dan,32.007813,34.761196,193,83.0,2026-04-19T14:35:40+00:00
20070,20070,3,Dan,31.684549,34.609924,200,83.0,2026-04-19T14:35:39+00:00
20071,20071,8,,32.841571,35.429771,237,54.0,2026-04-19T14:35:29+00:00
3575,3575,3,Dan,32.818787,34.987724,298,0.0,2026-04-19T14:34:52+00:00
3575,3575,3,Dan,32.805042,35.002125,170,0.0,2026-04-19T14:27:19+00:00
3593,3593,3,Dan,32.786781,35.009933,18,0.0,2026-04-19T14:35:05+00:00
3595,3595,3,Dan,32.784531,35.012409,320,0.0,2026-04-19T14:35:40+00:00
3891,3891,3,Dan,32.750813,35.073765,226,65.0,2026-04-19T14:35:35+00:00
3891,3891,3,Dan,32.776054,35.041031,316,0.0,2026-04-19T14:26:37+00:00
3883,3883,3,Dan,32.767708,35.045719,144,55.0,2026-04-19T14:35:36+00:00
3883,3883,3,Dan,32.752899,35.09322,148,19.0,2026-04-19T14:35:03+00:00
3883,3883,3,Dan,32.747917,35.091015,212,24.0,2026-04-19T14:35:19+00:00
3877,3877,3,Dan,32.767155,35.046635,296,0.0,2026-04-19T14:34:40+00:00
3916,3916,3,Dan,32.784988,35.01746,188,0.0,2026-04-19T14:35:42+00:00
3916,3916,3,Dan,32.764889,35.047134,108,0.0,2026-04-19T14:34:53+00:00
3918,3918,3,Dan,32.760139,35.048309,163,0.0,2026-04-19T14:35:36+00:00
3918,3918,3,Dan,32.781101,35.014458,10,0.0,2026-04-19T14:35:07+00:00
3908,3908,3,Dan,32.798828,34.998707,264,0.0,2026-04-19T14:35:00+00:00
3908,3908,3,Dan,32.779884,35.013588,188,0.0,2026-04-19T14:34:44+00:00
34461,34461,38,,31.786502,35.18045,262,0.0,2026-04-19T14:31:41+00:00
34461,34461,38,,31.798248,35.230865,184,14.0,2026-04-19T14:24:41+00:00
34461,34461,38,,31.808679,35.205421,112,0.0,2026-04-19T14:14:39+00:00
34461,34461,38,,31.830669,35.236305,140,47.0,2026-04-19T14:33:54+00:00
34462,34462,38,,31.838647,35.247985,136,0.0,2026-04-19T13:42:01+00:00
34462,34462,38,,31.826047,35.187767,272,0.0,2026-04-19T14:35:00+00:00
34462,34462,38,,31.815288,35.202732,121,0.0,2026-04-19T14:35:36+00:00
34462,34462,38,,31.825695,35.188709,0,0.0,2026-04-19T13:56:41+00:00
34462,34462,38,,31.838703,35.240192,2,0.0,2026-04-19T14:35:35+00:00
34463,34463,38,,31.790485,35.246971,204,0.0,2026-04-19T14:26:41+00:00
34463,34463,38,,31.80758,35.22639,242,0.0,2026-04-19T14:35:01+00:00
34463,34463,38,,31.811733,35.212802,15,0.0,2026-04-19T14:35:39+00:00
34463,34463,38,,31.841947,35.240314,354,22.0,2026-04-19T14:35:35+00:00
34464,34464,38,,31.838447,35.246803,328,0.0,2026-04-19T14:35:00+00:00
34464,34464,38,,31.837478,35.245151,88,36.0,2026-04-19T14:33:43+00:00
34464,34464,38,,31.825878,35.188766,338,0.0,2026-04-19T14:29:41+00:00
34464,34464,38,,31.832242,35.233318,146,58.0,2026-04-19T14:35:36+00:00
34457,34457,18,Galim,32.501911,35.087089,0,0.0,2026-04-19T14:10:26+00:00
34457,34457,18,Galim,32.502979,35.059528,138,32.0,2026-04-19T14:07:11+00:00
34457,34457,18,Galim,32.501911,35.087089,0,0.0,2026-04-19T14:16:14+00:00
34457,34457,18,Galim,32.500881,35.107376,108,25.0,2026-04-19T14:35:29+00:00
34450,34450,22,,32.0657538,34.7835211,45,38.0,2026-04-19T14:35:44+00:00
34450,34450,22,,32.087365,34.8130949,0,0.0,2026-04-19T14:35:42+00:00
34450,34450,22,,32.0937871,34.8450875,78,47.0,2026-04-19T14:35:44+00:00
34458,34458,18,Galim,32.497917,35.124458,246,0.0,2026-04-19T14:34:14+00:00
34458,34458,18,Galim,32.501655,35.105113,282,36.0,2026-04-19T14:35:36+00:00
34459,34459,38,,31.786657,35.203643,102,0.0,2026-04-19T13:42:41+00:00
34459,34459,38,,31.826164,35.188117,274,0.0,2026-04-19T14:35:00+00:00
34459,34459,38,,31.817501,35.196743,126,0.0,2026-04-19T14:29:19+00:00
34459,34459,38,,31.809055,35.219543,106,0.0,2026-04-19T14:35:31+00:00
34459,34459,38,,31.807832,35.226295,106,0.0,2026-04-19T14:02:51+00:00
34460,34460,38,,31.784448,35.201557,186,0.0,2026-04-19T14:18:41+00:00
34460,34460,38,,31.809988,35.217041,270,0.0,2026-04-19T14:35:20+00:00
34460,34460,38,,31.81517,35.20684,42,0.0,2026-04-19T14:35:19+00:00
34447,34447,22,,32.052713,34.759195,186,0.0,2026-04-19T14:35:40+00:00
34447,34447,22,,32.029751,34.7501057,199,19.0,2026-04-19T14:35:44+00:00
34447,34447,22,,32.0814906,34.7960738,251,4.0,2026-04-19T14:35:44+00:00
34447,34447,22,,32.0946233,34.8860465,0,6.0,2026-04-19T14:35:44+00:00
34447,34447,22,,32.0914578,34.8670506,276,30.0,2026-04-19T14:35:44+00:00
34447,34447,22,,32.0927229,34.8527056,269,0.0,2026-04-19T14:35:28+00:00
34447,34447,22,,32.0908894,34.8227582,256,22.0,2026-04-19T14:35:44+00:00
34447,34447,22,,32.06264,34.7747426,235,0.0,2026-04-19T14:35:04+00:00
34447,34447,22,,32.0583279,34.7625389,244,0.0,2026-04-19T14:35:36+00:00
34447,34447,22,,32.0267134,34.7439844,267,0.0,2026-04-19T14:35:26+00:00
34447,34447,22,,32.0150784,34.7528531,116,0.0,2026-04-19T14:35:42+00:00
34447,34447,22,,32.0041516,34.7480479,203,16.0,2026-04-19T14:35:44+00:00
34448,34448,22,,32.0160216,34.7506346,294,25.0,2026-04-19T14:35:44+00:00
34448,34448,22,,32.0266265,34.7435845,3,10.0,2026-04-19T14:35:44+00:00
34448,34448,22,,32.0319891,34.7513219,27,38.0,2026-04-19T14:35:44+00:00
34448,34448,22,,32.0608897,34.7685736,61,62.0,2026-04-19T14:35:44+00:00
34448,34448,22,,32.0705241,34.788814,37,22.0,2026-04-19T14:35:44+00:00
34448,34448,22,,32.0926256,34.8533901,90,2.0,2026-04-19T14:35:44+00:00
34448,34448,22,,32.0576968,34.7601314,8,9.0,2026-04-19T14:35:44+00:00
34448,34448,22,,32.005138,34.7486391,0,3.0,2026-04-19T14:35:44+00:00
34448,34448,22,,32.0453321,34.7583147,18,24.0,2026-04-19T14:35:44+00:00
34448,34448,22,,32.0828638,34.8028399,76,25.0,2026-04-19T14:35:44+00:00
34448,34448,22,,32.0920629,34.8778004,0,0.0,2026-04-19T14:35:34+00:00
34449,34449,22,,32.1059117,34.8606171,0,11.0,2026-04-19T14:35:44+00:00
34449,34449,22,,32.0926392,34.8351512,268,72.0,2026-04-19T14:35:44+00:00
34449,34449,22,,32.0829494,34.8024843,244,21.0,2026-04-19T14:35:44+00:00
34449,34449,22,,32.0650069,34.7824003,225,0.0,2026-04-19T14:35:42+00:00
34449,34449,22,,32.0597682,34.7657364,249,35.0,2026-04-19T14:35:44+00:00
3773,3773,3,Dan,32.830109,34.984104,326,0.0,2026-04-19T14:34:55+00:00
3773,3773,3,Dan,32.80529,34.987877,220,0.0,2026-04-19T14:35:27+00:00
3773,3773,3,Dan,32.794476,34.985157,168,40.0,2026-04-19T14:35:39+00:00
3773,3773,3,Dan,32.73534,35.065315,124,54.0,2026-04-19T14:34:50+00:00
3777,3777,3,Dan,32.683701,35.06765,22,34.0,2026-04-19T14:35:21+00:00
3777,3777,3,Dan,32.709724,35.06736,8,25.0,2026-04-19T14:35:41+00:00
3777,3777,3,Dan,32.778126,34.998608,312,40.0,2026-04-19T14:35:42+00:00
3777,3777,3,Dan,32.823654,34.993137,50,4.0,2026-04-19T14:35:42+00:00
3761,3761,3,Dan,32.804245,35.008118,318,23.0,2026-04-19T14:35:34+00:00
3768,3768,3,Dan,32.806351,34.991566,148,0.0,2026-04-19T14:35:40+00:00
3791,3791,3,Dan,32.830509,34.981022,102,0.0,2026-04-19T14:35:27+00:00
3791,3791,3,Dan,32.820606,34.984001,163,0.0,2026-04-19T14:32:03+00:00
3791,3791,3,Dan,32.797428,35.015755,132,0.0,2026-04-19T14:35:05+00:00
3791,3791,3,Dan,32.796375,35.017979,312,4.0,2026-04-19T14:26:44+00:00
3794,3794,3,Dan,32.80365,35.007008,282,26.0,2026-04-19T14:35:17+00:00
3794,3794,3,Dan,32.831333,34.978813,274,0.0,2026-04-19T14:35:03+00:00
3782,3782,3,Dan,32.78854,35.018837,144,0.0,2026-04-19T14:35:33+00:00
3782,3782,3,Dan,32.78854,35.018837,144,0.0,2026-04-19T14:35:33+00:00
3723,3723,3,Dan,32.81707,34.959572,142,18.0,2026-04-19T14:35:41+00:00
3726,3726,3,Dan,31.717131,35.998871,100,0.0,2026-04-19T14:35:03+00:00
3729,3729,3,Dan,32.817017,34.978748,121,29.0,2026-04-19T14:35:27+00:00
3753,3753,3,Dan,32.765434,35.015553,112,41.0,2026-04-19T14:35:15+00:00
3743,3743,3,Dan,32.798737,34.984676,206,0.0,2026-04-19T14:35:42+00:00
3748,3748,3,Dan,32.803917,34.972725,124,0.0,2026-04-19T14:33:51+00:00
34314,34314,18,Galim,32.462814,35.043819,301,36.0,2026-04-19T14:19:18+00:00
34319,34319,31,Nadan,31.664091,34.566986,226,0.0,2026-04-19T14:35:24+00:00
34315,34315,18,Galim,32.479522,34.947868,176,0.0,2026-04-19T14:35:35+00:00
34316,34316,3,Dan,32.074547,34.790585,194,0.0,2026-04-19T14:35:18+00:00
34316,34316,3,Dan,32.052052,34.784161,180,65.0,2026-04-19T14:35:40+00:00
34316,34316,3,Dan,31.885347,34.946636,142,22.0,2026-04-19T14:35:36+00:00
34316,34316,3,Dan,31.871664,34.962246,120,7.0,2026-04-19T14:35:10+00:00
34316,34316,3,Dan,31.854546,34.982277,164,29.0,2026-04-19T14:35:33+00:00
34317,34317,3,Dan,31.739096,35.212002,212,43.0,2026-04-19T14:35:43+00:00
34317,34317,3,Dan,31.74493,35.213017,106,0.0,2026-04-19T14:32:05+00:00
34317,34317,3,Dan,31.766787,35.202705,208,0.0,2026-04-19T14:35:29+00:00
34317,34317,3,Dan,31.92437,34.927891,348,22.0,2026-04-19T14:35:38+00:00
34317,34317,3,Dan,32.014629,34.826721,311,101.0,2026-04-19T14:35:42+00:00
34318,34318,31,Nadan,31.664043,34.565994,276,0.0,2026-04-19T14:35:38+00:00
34328,34328,18,Galim,32.569271,34.954879,176,94.0,2026-04-19T14:25:15+00:00
34328,34328,18,Galim,32.538116,35.040477,75,0.0,2026-04-19T14:26:11+00:00
34329,34329,18,Galim,32.58496,34.95721,144,54.0,2026-04-19T14:33:29+00:00
34368,34368,18,Galim,32.195808,34.886463,328,0.0,2026-04-19T14:34:24+00:00
20542,20542,16,Kavim,31.71767,35.997974,284,0.0,2026-04-19T14:32:29+00:00
20464,20464,3,Dan,33.216965,35.608376,208,40.0,2026-04-19T14:35:41+00:00
20461,20461,3,Dan,33.20908,35.569363,212,0.0,2026-04-19T14:33:42+00:00
20461,20461,3,Dan,33.161213,35.651333,58,0.0,2026-04-19T14:33:20+00:00
20466,20466,3,Dan,33.214294,35.570644,188,0.0,2026-04-19T14:35:31+00:00
20493,20493,15,Nateev Express,31.807802,35.033851,127,25.0,2026-04-19T14:35:35+00:00
20494,20494,15,Nateev Express,31.962865,34.942096,0,36.0,2026-04-19T14:35:12+00:00
20420,20420,3,Dan,31.987198,34.774776,208,0.0,2026-04-19T14:35:33+00:00
20420,20420,3,Dan,31.984674,34.773182,208,0.0,2026-04-19T14:35:42+00:00
20420,20420,3,Dan,31.986347,34.787373,2,36.0,2026-04-19T14:35:41+00:00
20420,20420,3,Dan,31.967953,34.7845,202,25.0,2026-04-19T14:35:40+00:00
20420,20420,3,Dan,31.960987,34.801193,76,25.0,2026-04-19T14:35:39+00:00
20420,20420,3,Dan,31.961048,34.802151,88,25.0,2026-04-19T14:35:16+00:00
20420,20420,3,Dan,31.964275,34.806541,90,0.0,2026-04-19T14:34:37+00:00
20420,20420,3,Dan,31.962065,34.807568,180,0.0,2026-04-19T14:35:22+00:00
20420,20420,3,Dan,31.955404,34.822144,200,29.0,2026-04-19T14:35:29+00:00
20420,20420,3,Dan,31.948015,34.822639,304,11.0,2026-04-19T14:35:43+00:00
20421,20421,3,Dan,31.900984,34.809395,158,22.0,2026-04-19T14:35:33+00:00
20423,20423,3,Dan,31.902752,34.798889,10,57.0,2026-04-19T14:35:42+00:00
20419,20419,3,Dan,31.951784,34.815075,90,0.0,2026-04-19T14:35:43+00:00
20419,20419,3,Dan,31.962856,34.817825,288,32.0,2026-04-19T14:34:57+00:00
20419,20419,3,Dan,31.965857,34.803192,258,0.0,2026-04-19T14:35:40+00:00
20419,20419,3,Dan,31.964001,34.798424,276,25.0,2026-04-19T14:35:38+00:00
20419,20419,3,Dan,31.96909,34.784035,290,0.0,2026-04-19T14:35:38+00:00
20419,20419,3,Dan,31.985506,34.78727,184,11.0,2026-04-19T14:35:28+00:00
20419,20419,3,Dan,31.982994,34.772476,28,43.0,2026-04-19T14:35:42+00:00
20325,20325,14,Nateev Express,31.717288,35.998985,160,0.0,2026-04-19T14:26:20+00:00
20310,20310,34,Afikim,31.743835,34.983486,178,0.0,2026-04-19T14:28:49+00:00
20310,20310,34,Afikim,31.787847,35.01379,356,79.0,2026-04-19T14:35:34+00:00
20309,20309,34,Afikim,31.789899,35.202178,46,0.0,2026-04-19T14:29:21+00:00
20309,20309,34,Afikim,31.751539,34.994007,118,0.0,2026-04-19T14:35:12+00:00
20309,20309,34,Afikim,31.7485,34.987384,272,29.0,2026-04-19T14:35:28+00:00
20309,20309,34,Afikim,31.749856,34.97903,222,43.0,2026-04-19T14:35:30+00:00
20309,20309,34,Afikim,31.73936,34.976188,302,0.0,2026-04-19T14:35:29+00:00
20305,20305,34,Afikim,31.800794,35.175148,263,47.0,2026-04-19T14:35:17+00:00
20305,20305,34,Afikim,31.756067,34.988216,88,0.0,2026-04-19T14:35:25+00:00
20305,20305,34,Afikim,31.750392,34.980361,274,0.0,2026-04-19T14:35:32+00:00
20305,20305,34,Afikim,31.809799,35.205318,348,0.0,2026-04-19T13:50:59+00:00
20305,20305,34,Afikim,31.739772,34.97631,14,18.0,2026-04-19T14:35:25+00:00
20305,20305,34,Afikim,31.740938,34.991008,97,14.0,2026-04-19T14:35:26+00:00
20306,20306,34,Afikim,31.700214,34.97961,256,29.0,2026-04-19T14:32:59+00:00
20306,20306,34,Afikim,31.701181,34.977512,278,0.0,2026-04-19T14:32:59+00:00
20306,20306,34,Afikim,31.700197,34.979808,76,54.0,2026-04-19T13:56:59+00:00
20301,20301,34,Afikim,31.800451,35.21379,76,0.0,2026-04-19T14:35:24+00:00
20301,20301,34,Afikim,31.794618,35.166389,247,14.0,2026-04-19T14:35:39+00:00
20301,20301,34,Afikim,31.79953,35.138713,277,65.0,2026-04-19T14:35:34+00:00
20301,20301,34,Afikim,31.806619,35.041587,271,97.0,2026-04-19T14:35:31+00:00
20301,20301,34,Afikim,31.703966,34.975128,248,0.0,2026-04-19T14:35:36+00:00
20302,20302,34,Afikim,31.699705,34.977699,202,0.0,2026-04-19T14:34:00+00:00
20302,20302,34,Afikim,31.806388,35.017745,19,36.0,2026-04-19T14:35:18+00:00
20302,20302,34,Afikim,31.804946,35.01723,23,83.0,2026-04-19T14:35:32+00:00
34928,34928,42,Malam,31.829339,35.227071,276,0.0,2026-04-19T14:35:41+00:00
34928,34928,42,Malam,31.807266,35.233971,166,17.0,2026-04-19T14:34:40+00:00
34929,34929,42,Malam,31.790057,35.246049,249,0.0,2026-04-19T14:35:25+00:00
34929,34929,42,Malam,31.808971,35.226695,312,41.0,2026-04-19T14:35:33+00:00
34929,34929,42,Malam,31.84707,35.228474,346,26.0,2026-04-19T14:35:44+00:00
20217,20217,35,,31.704816,35.004245,118,22.0,2026-04-19T14:35:12+00:00
20216,20216,35,,31.756061,34.987789,90,0.0,2026-04-19T14:34:59+00:00
20216,20216,35,,31.703586,34.984626,259,0.0,2026-04-19T14:35:24+00:00
20208,20208,15,Nateev Express,31.242628,34.797,344,0.0,2026-04-19T14:05:40+00:00
20208,20208,15,Nateev Express,31.24262,34.796714,90,0.0,2026-04-19T14:35:00+00:00
20208,20208,15,Nateev Express,31.226205,34.82373,104,0.0,2026-04-19T14:35:12+00:00
20208,20208,15,Nateev Express,31.242958,34.796772,316,0.0,2026-04-19T14:05:00+00:00
20278,20278,34,Afikim,31.795833,35.169021,229,14.0,2026-04-19T14:35:20+00:00
20272,20272,16,Kavim,31.802408,35.204868,308,54.0,2026-04-19T13:55:29+00:00
20272,20272,16,Kavim,31.769735,35.208816,174,0.0,2026-04-19T14:35:41+00:00
20272,20272,16,Kavim,31.753261,35.189628,224,0.0,2026-04-19T14:35:26+00:00
20273,20273,16,Kavim,31.754346,35.191432,30,72.0,2026-04-19T14:35:28+00:00
20273,20273,16,Kavim,31.787811,35.201679,264,0.0,2026-04-19T14:35:28+00:00
20273,20273,16,Kavim,31.799638,35.211868,88,40.0,2026-04-19T14:35:38+00:00
20273,20273,16,Kavim,31.800544,35.213863,72,0.0,2026-04-19T14:35:16+00:00
20279,20279,34,Afikim,31.717119,35.999359,132,0.0,2026-04-19T14:28:33+00:00
20279,20279,34,Afikim,31.787698,35.203857,82,0.0,2026-04-19T13:58:59+00:00
20266,20266,35,,31.852384,34.829006,285,76.0,2026-04-19T14:35:24+00:00
20267,20267,35,,31.700708,34.983398,237,76.0,2026-04-19T14:35:25+00:00
20258,20258,15,Nateev Express,31.149599,35.007968,54,22.0,2026-04-19T14:14:33+00:00
20259,20259,15,Nateev Express,31.070465,35.031837,184,7.0,2026-04-19T13:51:03+00:00
20259,20259,15,Nateev Express,32.098163,34.825763,74,0.0,2026-04-19T13:58:53+00:00
20245,20245,16,Kavim,32.566116,34.961933,193,43.0,2026-04-19T14:35:29+00:00
20249,20249,31,Nadan,31.6462,34.556583,66,0.0,2026-04-19T14:30:34+00:00
20249,20249,31,Nadan,31.65526,34.572696,274,11.0,2026-04-19T14:35:26+00:00
20297,20297,16,Kavim,31.758638,35.165744,234,0.0,2026-04-19T14:35:18+00:00
20297,20297,16,Kavim,31.761632,35.20018,68,0.0,2026-04-19T14:35:15+00:00
20297,20297,16,Kavim,31.776805,35.220157,58,0.0,2026-04-19T14:35:35+00:00
20297,20297,16,Kavim,31.784774,35.227527,9,40.0,2026-04-19T14:35:38+00:00
20297,20297,16,Kavim,31.798387,35.231914,46,22.0,2026-04-19T14:35:25+00:00
20298,20298,16,Kavim,31.790235,35.246494,218,0.0,2026-04-19T14:31:00+00:00
20298,20298,16,Kavim,31.784168,35.227176,170,43.0,2026-04-19T14:35:31+00:00
20298,20298,16,Kavim,31.771297,35.212711,226,0.0,2026-04-19T14:35:27+00:00
20298,20298,16,Kavim,31.759227,35.199546,214,0.0,2026-04-19T14:35:32+00:00
20298,20298,16,Kavim,31.756183,35.18341,314,4.0,2026-04-19T14:35:28+00:00
20298,20298,16,Kavim,31.750917,35.172374,279,43.0,2026-04-19T14:35:39+00:00
20295,20295,16,Kavim,31.821826,35.195491,56,36.0,2026-04-19T13:40:06+00:00
20295,20295,16,Kavim,31.812349,35.200824,104,32.0,2026-04-19T14:35:40+00:00
20295,20295,16,Kavim,31.804508,35.203174,188,36.0,2026-04-19T14:35:30+00:00
20295,20295,16,Kavim,31.772153,35.181961,194,0.0,2026-04-19T14:35:12+00:00
20295,20295,16,Kavim,31.769052,35.182796,172,0.0,2026-04-19T14:47:17+00:00
20295,20295,16,Kavim,31.752931,35.188743,234,7.0,2026-04-19T14:35:30+00:00
20295,20295,16,Kavim,31.751741,35.185264,225,25.0,2026-04-19T14:35:25+00:00
20296,20296,16,Kavim,31.748292,35.186504,192,0.0,2026-04-19T14:34:58+00:00
20296,20296,16,Kavim,31.752538,35.189517,70,0.0,2026-04-19T14:35:40+00:00
20296,20296,16,Kavim,31.763257,35.186286,14,0.0,2026-04-19T14:35:23+00:00
20296,20296,16,Kavim,31.76785,35.19564,18,14.0,2026-04-19T14:35:28+00:00
20296,20296,16,Kavim,31.798877,35.202087,89,65.0,2026-04-19T14:35:31+00:00
20296,20296,16,Kavim,31.82393,35.191871,116,18.0,2026-04-19T14:35:36+00:00
20112,20112,18,Galim,31.966094,34.925544,288,90.0,2026-04-19T14:35:36+00:00
20113,20113,18,Galim,32.113979,34.841602,300,0.0,2026-04-19T14:35:01+00:00
20113,20113,18,Galim,31.991317,34.963375,196,7.0,2026-04-19T14:35:14+00:00
20160,20160,15,Nateev Express,32.178638,34.927051,266,0.0,2026-04-19T14:30:02+00:00
20160,20160,15,Nateev Express,32.115085,34.90279,184,0.0,2026-04-19T14:35:31+00:00
20160,20160,15,Nateev Express,32.072322,34.892642,112,0.0,2026-04-19T14:08:03+00:00
20160,20160,15,Nateev Express,32.099475,34.879169,282,0.0,2026-04-19T14:35:24+00:00
20160,20160,15,Nateev Express,32.081817,34.874244,94,14.0,2026-04-19T14:35:32+00:00
20166,20166,15,Nateev Express,32.160747,34.937038,298,18.0,2026-04-19T14:35:00+00:00
20166,20166,15,Nateev Express,32.171817,34.923389,301,0.0,2026-04-19T14:35:24+00:00
20166,20166,15,Nateev Express,32.171085,34.828403,96,0.0,2026-04-19T14:27:03+00:00
20166,20166,15,Nateev Express,32.185909,34.905467,0,0.0,2026-04-19T14:31:57+00:00
20167,20167,15,Nateev Express,32.15908,34.92263,50,0.0,2026-04-19T14:32:02+00:00
20167,20167,15,Nateev Express,32.19091,34.891372,156,0.0,2026-04-19T15:02:04+00:00
20167,20167,15,Nateev Express,32.182128,34.89878,128,0.0,2026-04-19T14:35:36+00:00
20167,20167,15,Nateev Express,32.173141,34.919342,194,0.0,2026-04-19T14:35:33+00:00
20161,20161,15,Nateev Express,32.076267,34.884864,230,0.0,2026-04-19T14:35:21+00:00
20161,20161,15,Nateev Express,32.098594,34.87886,182,14.0,2026-04-19T14:35:32+00:00
20161,20161,15,Nateev Express,32.127468,34.903846,346,47.0,2026-04-19T14:35:25+00:00
20161,20161,15,Nateev Express,32.156139,34.804328,114,0.0,2026-04-19T13:47:53+00:00
20161,20161,15,Nateev Express,32.160053,34.902477,44,0.0,2026-04-19T14:35:12+00:00
20161,20161,15,Nateev Express,32.176452,34.903564,18,0.0,2026-04-19T14:35:29+00:00
20911,20911,24,,32.877117,35.784503,346,0.0,2026-04-19T14:27:29+00:00
29363,29363,18,Galim,32.059852,34.782859,134,47.0,2026-04-19T14:35:20+00:00
29363,29363,18,Galim,31.96029,34.851116,145,22.0,2026-04-19T14:34:47+00:00
29280,29280,3,Dan,32.037823,34.756344,296,40.0,2026-04-19T14:35:14+00:00
29280,29280,3,Dan,32.005463,34.738895,236,32.0,2026-04-19T14:35:41+00:00
29280,29280,3,Dan,31.983797,34.768383,116,40.0,2026-04-19T14:35:41+00:00
29280,29280,3,Dan,31.963137,34.799957,170,0.0,2026-04-19T14:35:42+00:00
29280,29280,3,Dan,31.961826,34.820908,110,0.0,2026-04-19T14:35:38+00:00
29280,29280,3,Dan,31.957706,34.823078,196,36.0,2026-04-19T14:35:41+00:00
29280,29280,3,Dan,31.954552,34.821625,200,18.0,2026-04-19T14:35:39+00:00
29283,29283,3,Dan,31.965605,34.816998,172,29.0,2026-04-19T14:35:37+00:00
29283,29283,3,Dan,31.975542,34.796337,338,14.0,2026-04-19T14:35:29+00:00
29283,29283,3,Dan,31.992111,34.74733,302,47.0,2026-04-19T14:35:40+00:00
29283,29283,3,Dan,31.987446,34.757347,238,0.0,2026-04-19T14:35:39+00:00
29284,29284,3,Dan,32.001774,34.747387,270,0.0,2026-04-19T14:35:00+00:00
29284,29284,3,Dan,32.005039,34.738071,194,25.0,2026-04-19T14:35:43+00:00
29284,29284,3,Dan,31.979628,34.778957,106,40.0,2026-04-19T14:35:40+00:00
29284,29284,3,Dan,32.001087,34.746052,36,6.0,2026-04-19T14:05:45+00:00
29276,29276,3,Dan,31.988785,34.811817,192,7.0,2026-04-19T14:35:28+00:00
29276,29276,3,Dan,31.963984,34.801208,262,22.0,2026-04-19T14:35:41+00:00
29276,29276,3,Dan,31.949839,34.761604,0,22.0,2026-04-19T14:35:41+00:00
29279,29279,3,Dan,31.948971,34.804745,302,0.0,2026-04-19T14:35:00+00:00
29279,29279,3,Dan,31.949488,34.818417,104,22.0,2026-04-19T14:35:30+00:00
29279,29279,3,Dan,31.963295,34.80761,0,25.0,2026-04-19T14:35:41+00:00
29279,29279,3,Dan,31.980087,34.778069,282,36.0,2026-04-19T14:35:40+00:00
29279,29279,3,Dan,31.988756,34.753407,296,36.0,2026-04-19T14:35:27+00:00
29279,29279,3,Dan,31.998861,34.739517,72,0.0,2026-04-19T14:35:38+00:00
29279,29279,3,Dan,32.00853,34.742645,52,0.0,2026-04-19T14:35:37+00:00
29279,29279,3,Dan,32.036289,34.756752,88,18.0,2026-04-19T14:35:19+00:00
29265,29265,5,Egged,32.028584,34.881119,324,25.0,2026-04-19T14:34:50+00:00
29265,29265,5,Egged,32.01178,34.840736,250,47.0,2026-04-19T14:32:38+00:00
29265,29265,5,Egged,32.0056,34.798607,270,0.0,2026-04-19T14:35:36+00:00
29265,29265,5,Egged,32.013672,34.771004,286,0.0,2026-04-19T14:33:50+00:00
29265,29265,5,Egged,32.021618,34.754517,348,7.0,2026-04-19T14:35:40+00:00
29266,29266,5,Egged,32.020905,34.754517,180,0.0,2026-04-19T14:35:28+00:00
29266,29266,5,Egged,32.010429,34.785145,96,0.0,2026-04-19T14:35:35+00:00
29266,29266,5,Egged,32.006939,34.800949,51,18.0,2026-04-19T14:34:13+00:00
29266,29266,5,Egged,32.006462,34.816929,146,0.0,2026-04-19T14:28:30+00:00
29266,29266,5,Egged,32.028233,34.886219,90,0.0,2026-04-19T14:35:07+00:00
20819,20819,15,Nateev Express,32.14141,34.894363,178,65.0,2026-04-19T14:28:14+00:00
20819,20819,15,Nateev Express,32.178623,34.927127,330,0.0,2026-04-19T14:04:03+00:00
20819,20819,15,Nateev Express,32.164337,34.848743,186,0.0,2026-04-19T14:35:26+00:00
20816,20816,15,Nateev Express,32.161453,34.796817,200,40.0,2026-04-19T14:12:11+00:00
20816,20816,15,Nateev Express,32.181179,34.849819,250,0.0,2026-04-19T14:35:01+00:00
20816,20816,15,Nateev Express,32.155673,34.847454,250,18.0,2026-04-19T14:35:28+00:00
20816,20816,15,Nateev Express,32.16724,34.842311,0,0.0,2026-04-19T14:34:20+00:00
20816,20816,15,Nateev Express,32.160652,34.796554,188,0.0,2026-04-19T14:02:03+00:00
20816,20816,15,Nateev Express,32.20018,34.891143,84,0.0,2026-04-19T14:01:03+00:00
20817,20817,15,Nateev Express,32.160888,34.796756,22,0.0,2026-04-19T14:35:00+00:00
20817,20817,15,Nateev Express,32.164031,34.822383,100,0.0,2026-04-19T14:35:34+00:00
20817,20817,15,Nateev Express,32.161117,34.796714,194,0.0,2026-04-19T14:12:03+00:00
20817,20817,15,Nateev Express,32.1571,34.8413,86,22.0,2026-04-19T14:35:28+00:00
20817,20817,15,Nateev Express,32.177211,34.851696,12,54.0,2026-04-19T14:34:53+00:00
20818,20818,15,Nateev Express,32.160026,34.937732,82,0.0,2026-04-19T14:11:03+00:00
20818,20818,15,Nateev Express,32.164432,34.819786,104,0.0,2026-04-19T14:35:01+00:00
20818,20818,15,Nateev Express,32.173149,34.841415,167,32.0,2026-04-19T15:12:31+00:00
20818,20818,15,Nateev Express,32.17316,34.841354,26,0.0,2026-04-19T14:35:32+00:00
20818,20818,15,Nateev Express,32.162322,34.854736,108,14.0,2026-04-19T14:35:18+00:00
20818,20818,15,Nateev Express,32.178161,34.926937,290,7.0,2026-04-19T14:13:03+00:00
20812,20812,5,Egged,32.112686,34.904358,120,29.0,2026-04-19T14:35:31+00:00
20812,20812,5,Egged,32.095394,34.819584,348,0.0,2026-04-19T14:34:03+00:00
20812,20812,5,Egged,32.092232,34.779072,278,0.0,2026-04-19T14:35:01+00:00
20812,20812,5,Egged,32.091576,34.776093,226,0.0,2026-04-19T14:29:53+00:00
20870,20870,25,Egged,32.108421,34.962093,270,11.0,2026-04-19T14:35:39+00:00
20870,20870,25,Egged,32.077766,34.792831,22,0.0,2026-04-19T14:35:42+00:00
20878,20878,14,Nateev Express,32.928924,35.323917,250,47.0,2026-04-19T14:35:35+00:00
20850,20850,5,Egged,32.082851,34.796192,234,0.0,2026-04-19T14:34:28+00:00
20850,20850,5,Egged,32.097988,34.864441,64,0.0,2026-04-19T14:32:18+00:00
20849,20849,5,Egged,32.101036,34.872749,168,14.0,2026-04-19T14:33:19+00:00
20849,20849,5,Egged,32.088863,34.815445,252,29.0,2026-04-19T14:34:42+00:00
20846,20846,35,,31.717945,34.986373,231,50.0,2026-04-19T14:30:37+00:00
20847,20847,35,,31.612081,34.761539,344,40.0,2026-04-19T14:35:23+00:00
29241,29241,3,Dan,31.899652,34.810013,332,0.0,2026-04-19T14:35:04+00:00
29242,29242,3,Dan,31.893608,34.808147,240,0.0,2026-04-19T14:35:00+00:00
29242,29242,3,Dan,31.900122,34.809776,168,4.0,2026-04-19T14:35:32+00:00
29243,29243,3,Dan,31.8785,34.817238,104,0.0,2026-04-19T14:35:33+00:00
29225,29225,3,Dan,31.950197,34.762554,262,25.0,2026-04-19T14:35:40+00:00
29225,29225,3,Dan,31.950197,34.762554,262,25.0,2026-04-19T14:35:40+00:00
29225,29225,3,Dan,31.966789,34.784397,290,29.0,2026-04-19T14:35:25+00:00
29225,29225,3,Dan,31.966789,34.784397,290,29.0,2026-04-19T14:35:25+00:00
29225,29225,3,Dan,31.999313,34.819725,24,40.0,2026-04-19T14:34:59+00:00
29225,29225,3,Dan,31.999313,34.819725,24,40.0,2026-04-19T14:34:59+00:00
29226,29226,3,Dan,32.009518,34.80024,36,36.0,2026-04-19T14:35:42+00:00
29226,29226,3,Dan,31.969252,34.843746,142,29.0,2026-04-19T14:35:40+00:00
29226,29226,3,Dan,31.91655,34.867317,94,0.0,2026-04-19T14:35:42+00:00
29191,29191,3,Dan,31.896049,34.811161,346,22.0,2026-04-19T14:35:42+00:00
29188,29188,3,Dan,32.098915,34.779633,184,0.0,2026-04-19T14:35:00+00:00
29188,29188,3,Dan,31.966141,34.762646,123,76.0,2026-04-19T14:35:41+00:00
20757,20757,31,Nadan,31.457395,34.52602,226,83.0,2026-04-19T14:35:32+00:00
20752,20752,25,Egged,32.08403,34.953353,254,36.0,2026-04-19T14:35:38+00:00
20752,20752,25,Egged,32.076782,34.791816,20,0.0,2026-04-19T14:35:31+00:00
20753,20753,25,Egged,32.08263,34.795753,342,0.0,2026-04-19T14:35:00+00:00
20753,20753,25,Egged,32.068408,34.80252,180,0.0,2026-04-19T14:35:33+00:00
20753,20753,25,Egged,32.065559,34.845958,42,0.0,2026-04-19T14:35:41+00:00
20753,20753,25,Egged,32.082786,34.978404,303,25.0,2026-04-19T14:35:41+00:00
20740,20740,18,Galim,32.500911,34.922798,168,0.0,2026-04-19T14:29:27+00:00
20741,20741,18,Galim,32.484725,34.914226,224,0.0,2026-04-19T14:32:15+00:00
20741,20741,18,Galim,32.501255,34.916744,290,0.0,2026-04-19T14:28:59+00:00
20785,20785,6,Egged Taavura,32.718563,35.299842,310,0.0,2026-04-19T14:35:00+00:00
20693,20693,18,Galim,31.90916,35.007434,320,0.0,2026-04-19T14:24:14+00:00
20693,20693,18,Galim,31.881303,35.016929,292,0.0,2026-04-19T14:02:17+00:00
20693,20693,18,Galim,31.898557,35.009159,236,43.0,2026-04-19T14:35:28+00:00
20693,20693,18,Galim,31.913593,35.004692,48,40.0,2026-04-19T14:35:29+00:00
20690,20690,16,Kavim,32.67947,35.239112,318,0.0,2026-04-19T14:35:00+00:00
20690,20690,16,Kavim,32.681636,35.237327,282,18.0,2026-04-19T14:35:31+00:00
20691,20691,16,Kavim,32.672752,35.245246,266,0.0,2026-04-19T14:35:00+00:00
20691,20691,16,Kavim,32.681045,35.240444,178,0.0,2026-04-19T14:35:31+00:00
20692,20692,18,Galim,31.908769,35.007724,308,0.0,2026-04-19T14:35:00+00:00
20692,20692,18,Galim,31.906143,35.001811,182,25.0,2026-04-19T14:35:02+00:00
20692,20692,18,Galim,31.899375,35.012779,87,47.0,2026-04-19T14:35:29+00:00
20682,20682,16,Kavim,32.663192,35.235382,353,0.0,2026-04-19T14:34:56+00:00
20684,20684,16,Kavim,32.681465,35.241146,300,0.0,2026-04-19T14:35:39+00:00
20680,20680,16,Kavim,32.679405,35.239162,318,0.0,2026-04-19T14:03:26+00:00
20680,20680,16,Kavim,32.683891,35.238853,302,14.0,2026-04-19T14:35:36+00:00
20686,20686,16,Kavim,32.65485,35.244441,282,0.0,2026-04-19T14:30:00+00:00
29092,29092,31,Nadan,31.534498,34.592617,248,18.0,2026-04-19T14:35:00+00:00
29092,29092,31,Nadan,31.518793,34.591285,240,22.0,2026-04-19T14:35:29+00:00
29093,29093,31,Nadan,31.522558,34.60033,98,18.0,2026-04-19T14:35:40+00:00
29094,29094,15,Nateev Express,32.174072,34.913822,112,0.0,2026-04-19T14:33:03+00:00
29094,29094,15,Nateev Express,32.048595,34.813789,182,0.0,2026-04-19T13:56:03+00:00
29094,29094,15,Nateev Express,32.145805,34.839263,286,18.0,2026-04-19T14:35:00+00:00
29095,29095,15,Nateev Express,32.146839,34.805877,108,22.0,2026-04-19T14:32:38+00:00
29095,29095,15,Nateev Express,32.138694,34.835544,102,0.0,2026-04-19T14:34:47+00:00
29095,29095,15,Nateev Express,32.129627,34.860023,244,0.0,2026-04-19T14:22:03+00:00
29095,29095,15,Nateev Express,32.133911,34.858673,104,18.0,2026-04-19T14:35:36+00:00
29099,29099,3,Dan,31.739908,35.181683,92,0.0,2026-04-19T14:35:00+00:00
3073,3073,3,Dan,31.899754,34.790386,176,22.0,2026-04-19T14:34:46+00:00
3073,3073,3,Dan,31.894863,34.794926,58,0.0,2026-04-19T14:35:41+00:00
3073,3073,3,Dan,31.896917,34.799175,54,29.0,2026-04-19T14:35:27+00:00
3073,3073,3,Dan,31.876541,34.818848,172,25.0,2026-04-19T14:35:35+00:00
3067,3067,3,Dan,31.892717,34.798477,14,0.0,2026-04-19T14:35:30+00:00
3067,3067,3,Dan,31.859673,34.813103,0,0.0,2026-04-19T14:35:12+00:00
3067,3067,3,Dan,31.898329,34.810509,344,0.0,2026-04-19T14:35:17+00:00
3067,3067,3,Dan,31.911383,34.802876,336,0.0,2026-04-19T14:35:17+00:00
20635,20635,44,GB Tours,31.783282,35.231421,144,0.0,2026-04-19T14:35:35+00:00
20635,20635,44,GB Tours,31.766182,35.230116,163,16.0,2026-04-19T14:35:41+00:00
20637,20637,42,Malam,31.783639,35.263495,283,0.0,2026-04-19T14:35:49+00:00
20637,20637,42,Malam,31.783475,35.231013,275,0.0,2026-04-19T14:35:33+00:00
20637,20637,42,Malam,31.784606,35.269411,54,73.0,2026-04-19T14:35:48+00:00
20634,20634,44,GB Tours,31.78367,35.231571,352,1.0,2026-04-19T14:35:45+00:00
20634,20634,44,GB Tours,31.766641,35.247006,160,12.0,2026-04-19T14:35:35+00:00
20634,20634,44,GB Tours,31.769687,35.235113,12,0.0,2026-04-19T14:35:43+00:00
20626,20626,42,Malam,31.877169,35.216999,168,9.0,2026-04-19T14:35:38+00:00
20627,20627,42,Malam,31.849915,35.228493,69,21.0,2026-04-19T14:35:33+00:00
20612,20612,15,Nateev Express,30.691724,34.785037,167,32.0,2026-04-19T14:35:29+00:00
20607,20607,31,Nadan,31.668323,34.571975,254,0.0,2026-04-19T14:34:20+00:00
20677,20677,18,Galim,31.958465,34.91986,77,43.0,2026-04-19T14:35:39+00:00
20660,20660,18,Galim,31.881233,35.017265,288,0.0,2026-04-19T13:45:17+00:00
20660,20660,18,Galim,31.89908,35.006347,80,4.0,2026-04-19T14:35:36+00:00
20660,20660,18,Galim,31.885128,34.964279,30,43.0,2026-04-19T14:35:36+00:00
20661,20661,18,Galim,31.896011,34.976699,167,47.0,2026-04-19T14:35:34+00:00
20662,20662,18,Galim,31.907266,35.01604,122,25.0,2026-04-19T14:35:17+00:00
20662,20662,18,Galim,31.880069,35.001399,83,36.0,2026-04-19T14:35:29+00:00
20663,20663,18,Galim,31.909049,35.007537,30,0.0,2026-04-19T13:55:17+00:00
20663,20663,18,Galim,31.880886,35.018142,294,0.0,2026-04-19T13:48:17+00:00
20663,20663,18,Galim,31.893079,35.006149,285,32.0,2026-04-19T14:35:30+00:00
20663,20663,18,Galim,31.908254,35.014007,299,25.0,2026-04-19T14:35:21+00:00
20664,20664,18,Galim,31.920419,35.004081,288,0.0,2026-04-19T13:59:17+00:00
20664,20664,18,Galim,31.900058,35.006118,270,22.0,2026-04-19T13:52:17+00:00
20664,20664,18,Galim,31.910419,35.013282,138,11.0,2026-04-19T14:35:33+00:00
20664,20664,18,Galim,31.877536,35.00782,258,29.0,2026-04-19T14:20:29+00:00
20664,20664,18,Galim,31.899005,35.007823,116,0.0,2026-04-19T14:35:17+00:00
2153055,2153055,,Unknown,,,22,,
2153050,2153050,,Unknown,,,22,,
2153047,2153047,,Unknown,,,22,,
2153041,2153041,,Unknown,,,22,,
2153034,2153034,,Unknown,,,22,,
2153033,2153033,,Unknown,,,22,,
2153031,2153031,,Unknown,,,22,,
2153027,2153027,,Unknown,,,22,,
2153025,2153025,,Unknown,,,22,,
2153023,2153023,,Unknown,,,22,,
2153020,2153020,,Unknown,,,22,,
2153019,2153019,,Unknown,,,22,,
2153017,2153017,,Unknown,,,22,,
2146734,2146734,,Unknown,,,78,,
2146732,2146732,,Unknown,,,78,,
2146715,2146715,,Unknown,,,78,,
2146713,2146713,,Unknown,,,78,,
2146712,2146712,,Unknown,,,78,,
2146707,2146707,,Unknown,,,78,,
2146705,2146705,,Unknown,,,78,,
2146704,2146704,,Unknown,,,78,,
2146700,2146700,,Unknown,,,78,,
2146695,2146695,,Unknown,,,78,,
2146685,2146685,,Unknown,,,78,,
2146684,2146684,,Unknown,,,78,,
2146679,2146679,,Unknown,,,78,,
2146674,2146674,,Unknown,,,78,,
2146668,2146668,,Unknown,,,78,,
2146666,2146666,,Unknown,,,78,,
2146661,2146661,,Unknown,,,78,,
2153060,2153060,,Unknown,,,22,,
2153059,2153059,,Unknown,,,22,,
2153058,2153058,,Unknown,,,22,,
2153049,2153049,,Unknown,,,22,,
2153044,2153044,,Unknown,,,22,,
2153039,2153039,,Unknown,,,22,,
2153038,2153038,,Unknown,,,22,,
2153035,2153035,,Unknown,,,22,,
2153029,2153029,,Unknown,,,22,,
2153028,2153028,,Unknown,,,22,,
2153026,2153026,,Unknown,,,22,,
2153024,2153024,,Unknown,,,22,,
2153021,2153021,,Unknown,,,22,,
2153016,2153016,,Unknown,,,22,,
2153013,2153013,,Unknown,,,22,,
2153010,2153010,,Unknown,,,22,,
2153008,2153008,,Unknown,,,22,,
2152932,2152932,,Unknown,,,22,,
2127791,2127791,,Unknown,,,0,,
2146734,2146734,,Unknown,,,78,,
2146732,2146732,,Unknown,,,78,,
2146715,2146715,,Unknown,,,78,,
2146713,2146713,,Unknown,,,78,,
2146712,2146712,,Unknown,,,78,,
2146707,2146707,,Unknown,,,78,,
2146705,2146705,,Unknown,,,78,,
2146704,2146704,,Unknown,,,78,,
2146700,2146700,,Unknown,,,78,,
2146695,2146695,,Unknown,,,78,,
2146685,2146685,,Unknown,,,78,,
2146684,2146684,,Unknown,,,78,,
2146679,2146679,,Unknown,,,78,,
2146674,2146674,,Unknown,,,78,,
2146668,2146668,,Unknown,,,78,,
2146666,2146666,,Unknown,,,78,,
2146661,2146661,,Unknown,,,78,,
2153060,2153060,,Unknown,,,22,,
2153059,2153059,,Unknown,,,22,,
2153058,2153058,,Unknown,,,22,,
2153049,2153049,,Unknown,,,22,,
2153044,2153044,,Unknown,,,22,,
2153039,2153039,,Unknown,,,22,,
2153038,2153038,,Unknown,,,22,,
2153035,2153035,,Unknown,,,22,,
2153029,2153029,,Unknown,,,22,,
2153028,2153028,,Unknown,,,22,,
2153026,2153026,,Unknown,,,22,,
2153024,2153024,,Unknown,,,22,,
2153021,2153021,,Unknown,,,22,,
2153016,2153016,,Unknown,,,22,,
2153013,2153013,,Unknown,,,22,,
2153010,2153010,,Unknown,,,22,,
2153008,2153008,,Unknown,,,22,,
2152932,2152932,,Unknown,,,22,,
2127791,2127791,,Unknown,,,0,,
2146729,2146729,,Unknown,,,78,,
2146727,2146727,,Unknown,,,78,,
2146723,2146723,,Unknown,,,78,,
2146722,2146722,,Unknown,,,78,,
2146721,2146721,,Unknown,,,78,,
2146703,2146703,,Unknown,,,78,,
2146702,2146702,,Unknown,,,78,,
2146699,2146699,,Unknown,,,78,,
2146698,2146698,,Unknown,,,78,,
2146697,2146697,,Unknown,,,78,,
2146694,2146694,,Unknown,,,78,,
2146693,2146693,,Unknown,,,78,,
2146692,2146692,,Unknown,,,78,,
2146687,2146687,,Unknown,,,78,,
2146683,2146683,,Unknown,,,78,,
2146682,2146682,,Unknown,,,78,,
2146678,2146678,,Unknown,,,78,,
2146677,2146677,,Unknown,,,78,,
2146673,2146673,,Unknown,,,78,,
2146669,2146669,,Unknown,,,78,,
2146667,2146667,,Unknown,,,78,,
2146664,2146664,,Unknown,,,78,,
2153057,2153057,,Unknown,,,22,,
2153054,2153054,,Unknown,,,22,,
2153052,2153052,,Unknown,,,22,,
2153051,2153051,,Unknown,,,22,,
2153046,2153046,,Unknown,,,22,,
2153045,2153045,,Unknown,,,22,,
2153043,2153043,,Unknown,,,22,,
2153042,2153042,,Unknown,,,22,,
2153037,2153037,,Unknown,,,22,,
2153022,2153022,,Unknown,,,22,,
2153018,2153018,,Unknown,,,22,,
2153015,2153015,,Unknown,,,22,,
2153014,2153014,,Unknown,,,22,,
2146729,2146729,,Unknown,,,78,,
2146727,2146727,,Unknown,,,78,,
2146723,2146723,,Unknown,,,78,,
2146722,2146722,,Unknown,,,78,,
2146721,2146721,,Unknown,,,78,,
2146703,2146703,,Unknown,,,78,,
2146702,2146702,,Unknown,,,78,,
2146699,2146699,,Unknown,,,78,,
2146698,2146698,,Unknown,,,78,,
2146697,2146697,,Unknown,,,78,,
2146694,2146694,,Unknown,,,78,,
2146693,2146693,,Unknown,,,78,,
2146692,2146692,,Unknown,,,78,,
2146687,2146687,,Unknown,,,78,,
2146683,2146683,,Unknown,,,78,,
2146682,2146682,,Unknown,,,78,,
2146678,2146678,,Unknown,,,78,,
2146677,2146677,,Unknown,,,78,,
2146673,2146673,,Unknown,,,78,,
2146669,2146669,,Unknown,,,78,,
2146667,2146667,,Unknown,,,78,,
2146664,2146664,,Unknown,,,78,,
2153057,2153057,,Unknown,,,22,,
2153054,2153054,,Unknown,,,22,,
2153052,2153052,,Unknown,,,22,,
2153051,2153051,,Unknown,,,22,,
2153046,2153046,,Unknown,,,22,,
2153045,2153045,,Unknown,,,22,,
2153043,2153043,,Unknown,,,22,,
2153042,2153042,,Unknown,,,22,,
2153037,2153037,,Unknown,,,22,,
2153022,2153022,,Unknown,,,22,,
2153018,2153018,,Unknown,,,22,,
2153015,2153015,,Unknown,,,22,,
2153014,2153014,,Unknown,,,22,,
2146731,2146731,,Unknown,,,78,,
2146728,2146728,,Unknown,,,78,,
2146724,2146724,,Unknown,,,78,,
2146720,2146720,,Unknown,,,78,,
2146719,2146719,,Unknown,,,78,,
2146718,2146718,,Unknown,,,78,,
2146716,2146716,,Unknown,,,78,,
2146714,2146714,,Unknown,,,78,,
2146709,2146709,,Unknown,,,78,,
2146708,2146708,,Unknown,,,78,,
2146681,2146681,,Unknown,,,78,,
2146676,2146676,,Unknown,,,78,,
2146671,2146671,,Unknown,,,78,,
2146670,2146670,,Unknown,,,78,,
2146663,2146663,,Unknown,,,78,,
2146660,2146660,,Unknown,,,78,,
2153053,2153053,,Unknown,,,22,,
2153048,2153048,,Unknown,,,22,,
2153040,2153040,,Unknown,,,22,,
2153036,2153036,,Unknown,,,22,,
2153032,2153032,,Unknown,,,22,,
2153030,2153030,,Unknown,,,22,,
2153012,2153012,,Unknown,,,22,,
2153011,2153011,,Unknown,,,22,,
2153009,2153009,,Unknown,,,22,,
2153007,2153007,,Unknown,,,22,,
2146731,2146731,,Unknown,,,78,,
2146728,2146728,,Unknown,,,78,,
2146724,2146724,,Unknown,,,78,,
2146720,2146720,,Unknown,,,78,,
2146719,2146719,,Unknown,,,78,,
2146718,2146718,,Unknown,,,78,,
2146716,2146716,,Unknown,,,78,,
2146714,2146714,,Unknown,,,78,,
2146709,2146709,,Unknown,,,78,,
2146708,2146708,,Unknown,,,78,,
2146681,2146681,,Unknown,,,78,,
2146676,2146676,,Unknown,,,78,,
2146671,2146671,,Unknown,,,78,,
2146670,2146670,,Unknown,,,78,,
2146663,2146663,,Unknown,,,78,,
2146660,2146660,,Unknown,,,78,,
2153053,2153053,,Unknown,,,22,,
2153048,2153048,,Unknown,,,22,,
2153040,2153040,,Unknown,,,22,,
2153036,2153036,,Unknown,,,22,,
2153032,2153032,,Unknown,,,22,,
2153030,2153030,,Unknown,,,22,,
2153012,2153012,,Unknown,,,22,,
2153011,2153011,,Unknown,,,22,,
2153009,2153009,,Unknown,,,22,,
2153007,2153007,,Unknown,,,22,,
2146733,2146733,,Unknown,,,78,,
2146730,2146730,,Unknown,,,78,,
2146726,2146726,,Unknown,,,78,,
2146725,2146725,,Unknown,,,78,,
2146717,2146717,,Unknown,,,78,,
2146711,2146711,,Unknown,,,78,,
2146710,2146710,,Unknown,,,78,,
2146706,2146706,,Unknown,,,78,,
2146701,2146701,,Unknown,,,78,,
2146696,2146696,,Unknown,,,78,,
2146691,2146691,,Unknown,,,78,,
2146690,2146690,,Unknown,,,78,,
2146689,2146689,,Unknown,,,78,,
2146688,2146688,,Unknown,,,78,,
2146686,2146686,,Unknown,,,78,,
2146680,2146680,,Unknown,,,78,,
2146675,2146675,,Unknown,,,78,,
2146672,2146672,,Unknown,,,78,,
2146665,2146665,,Unknown,,,78,,
2146662,2146662,,Unknown,,,78,,
2146659,2146659,,Unknown,,,78,,
2146658,2146658,,Unknown,,,78,,
2153056,2153056,,Unknown,,,22,,
2153055,2153055,,Unknown,,,22,,
2153050,2153050,,Unknown,,,22,,
2153047,2153047,,Unknown,,,22,,
2153041,2153041,,Unknown,,,22,,
2153034,2153034,,Unknown,,,22,,
2153033,2153033,,Unknown,,,22,,
2153031,2153031,,Unknown,,,22,,
2153027,2153027,,Unknown,,,22,,
2153025,2153025,,Unknown,,,22,,
2153023,2153023,,Unknown,,,22,,
2153020,2153020,,Unknown,,,22,,
2153019,2153019,,Unknown,,,22,,
2153017,2153017,,Unknown,,,22,,
2146733,2146733,,Unknown,,,78,,
2146730,2146730,,Unknown,,,78,,
2146726,2146726,,Unknown,,,78,,
2146725,2146725,,Unknown,,,78,,
2146717,2146717,,Unknown,,,78,,
2146711,2146711,,Unknown,,,78,,
2146710,2146710,,Unknown,,,78,,
2146706,2146706,,Unknown,,,78,,
2146701,2146701,,Unknown,,,78,,
2146696,2146696,,Unknown,,,78,,
2146691,2146691,,Unknown,,,78,,
2146690,2146690,,Unknown,,,78,,
2146689,2146689,,Unknown,,,78,,
2146688,2146688,,Unknown,,,78,,
2146686,2146686,,Unknown,,,78,,
2146680,2146680,,Unknown,,,78,,
2146675,2146675,,Unknown,,,78,,
2146672,2146672,,Unknown,,,78,,
2146665,2146665,,Unknown,,,78,,
2146662,2146662,,Unknown,,,78,,
2146659,2146659,,Unknown,,,78,,
2146658,2146658,,Unknown,,,78,,
2153056,2153056,,Unknown,,,22,,
51,51,3,Dan,,,333,,
40,40,4,Kavim,,,112,,
350,350,18,Afikim,,,152,,
67,67,5,Metropoline,,,165,,
63,63,5,Metropoline,,,52,,
10,10,4,Kavim,,,31,,
480,480,1,Egged,,,351,,
40,40,4,Kavim,,,202,,
400,400,18,Afikim,,,121,,
430,430,18,Afikim,,,332,,
350,350,18,Afikim,,,52,,
51,51,3,Dan,,,292,,
480,480,1,Egged,,,31,,
480,480,1,Egged,,,301,,
67,67,5,Metropoline,,,54,,
16,16,1,Egged,,,3,,
240,240,3,Dan,,,141,,
3695,3695,3,Dan,32.793091,34.959557,236,29.0,2026-04-19T14:35:42+00:00
3695,3695,3,Dan,32.790298,34.961525,90,25.0,2026-04-19T14:35:42+00:00
3695,3695,3,Dan,32.819801,34.993771,128,0.0,2026-04-19T14:35:42+00:00
3695,3695,3,Dan,32.788788,35.000942,228,0.0,2026-04-19T14:35:34+00:00
3695,3695,3,Dan,32.785339,34.995171,90,11.0,2026-04-19T14:35:38+00:00
3697,3697,3,Dan,33.295864,34.469318,144,0.0,2026-04-19T14:30:45+00:00
3697,3697,3,Dan,32.787949,35.000881,72,7.0,2026-04-19T14:35:14+00:00
3697,3697,3,Dan,32.821098,34.986721,292,0.0,2026-04-19T14:35:37+00:00
3697,3697,3,Dan,32.830853,34.988716,292,31.0,2026-04-19T14:34:59+00:00
3651,3651,3,Dan,32.784439,35.016361,256,0.0,2026-04-19T14:34:37+00:00
3651,3651,3,Dan,32.822269,34.992783,316,0.0,2026-04-19T14:35:04+00:00
3656,3656,3,Dan,31.717039,35.99926,142,0.0,2026-04-19T14:35:03+00:00
3656,3656,3,Dan,32.793777,35.016235,138,0.0,2026-04-19T14:35:16+00:00
3659,3659,3,Dan,32.776619,35.02784,62,0.0,2026-04-19T14:26:58+00:00
3659,3659,3,Dan,32.801407,35.011059,324,0.0,2026-04-19T14:35:01+00:00
3641,3641,3,Dan,32.789146,35.019093,326,0.0,2026-04-19T14:34:42+00:00
3641,3641,3,Dan,32.824718,34.987389,292,42.0,2026-04-19T14:35:11+00:00
3644,3644,3,Dan,32.820618,34.995911,132,0.0,2026-04-19T14:35:41+00:00
3644,3644,3,Dan,32.808392,35.001423,138,0.0,2026-04-19T14:35:01+00:00
3644,3644,3,Dan,32.794136,35.012714,138,0.0,2026-04-19T14:35:22+00:00
3662,3662,3,Dan,32.791428,35.022732,130,0.0,2026-04-19T14:34:41+00:00
3662,3662,3,Dan,32.794682,35.002914,302,0.0,2026-04-19T14:33:59+00:00
3662,3662,3,Dan,32.775814,35.008793,358,0.0,2026-04-19T14:25:17+00:00
3612,3612,3,Dan,31.716145,35.999947,244,0.0,2026-04-19T14:34:46+00:00
3612,3612,3,Dan,32.829647,35.08456,216,0.0,2026-04-19T14:35:36+00:00
3612,3612,3,Dan,32.832623,35.074444,342,8.0,2026-04-19T14:35:21+00:00
3612,3612,3,Dan,32.81847,35.055435,306,0.0,2026-04-19T14:34:51+00:00
3614,3614,3,Dan,32.847115,35.063023,86,8.0,2026-04-19T14:35:43+00:00
3614,3614,3,Dan,32.839638,35.090405,292,32.0,2026-04-19T14:35:39+00:00
3614,3614,3,Dan,32.839981,35.095421,208,0.0,2026-04-19T14:35:41+00:00
3616,3616,3,Dan,32.806065,34.997154,162,0.0,2026-04-19T14:35:32+00:00
3616,3616,3,Dan,32.790207,34.988331,78,32.0,2026-04-19T14:35:41+00:00
3617,3617,3,Dan,32.807617,34.992393,328,0.0,2026-04-19T14:35:04+00:00
3619,3619,3,Dan,32.86182,35.092995,322,0.0,2026-04-19T14:35:40+00:00
3619,3619,3,Dan,32.824055,35.082451,256,0.0,2026-04-19T14:35:39+00:00
3619,3619,3,Dan,32.816868,35.078793,224,0.0,2026-04-19T14:35:36+00:00
3619,3619,3,Dan,32.8437,35.063248,30,34.0,2026-04-19T14:35:30+00:00
3619,3619,3,Dan,32.84433,35.06176,26,0.0,2026-04-19T14:35:14+00:00
3600,3600,3,Dan,32.80584,35.000748,180,0.0,2026-04-19T14:25:25+00:00
3600,3600,3,Dan,31.717564,35.998547,142,0.0,2026-04-19T14:35:09+00:00
3604,3604,3,Dan,32.861328,35.09314,82,20.0,2026-04-19T14:35:16+00:00
3604,3604,3,Dan,32.84483,35.091965,96,0.0,2026-04-19T14:35:16+00:00
3604,3604,3,Dan,32.839451,35.081238,304,0.0,2026-04-19T14:35:40+00:00
3606,3606,3,Dan,32.854645,35.080025,168,19.0,2026-04-19T14:35:42+00:00
3606,3606,3,Dan,32.839218,35.081619,130,0.0,2026-04-19T14:35:32+00:00
3606,3606,3,Dan,32.856033,35.094883,186,25.0,2026-04-19T14:35:38+00:00
3633,3633,3,Dan,32.821648,34.993107,118,9.0,2026-04-19T14:35:00+00:00
3633,3633,3,Dan,32.816196,35.000885,146,0.0,2026-04-19T14:27:34+00:00
3633,3633,3,Dan,32.786354,35.007778,114,16.0,2026-04-19T14:35:09+00:00
3633,3633,3,Dan,32.788082,35.018909,108,0.0,2026-04-19T14:35:43+00:00
3636,3636,3,Dan,32.788151,35.000626,76,36.0,2026-04-19T14:35:24+00:00
3636,3636,3,Dan,32.820053,34.993027,298,37.0,2026-04-19T14:35:07+00:00
3639,3639,3,Dan,32.831478,34.96727,294,0.0,2026-04-19T14:35:20+00:00
3639,3639,3,Dan,32.819981,34.999119,128,0.0,2026-04-19T14:35:13+00:00
3639,3639,3,Dan,32.807735,35.00489,156,0.0,2026-04-19T14:34:48+00:00
3639,3639,3,Dan,32.777935,35.022305,130,0.0,2026-04-19T14:35:43+00:00
3620,3620,3,Dan,32.845119,35.091576,116,0.0,2026-04-19T14:35:41+00:00
3624,3624,3,Dan,32.808559,35.001263,132,0.0,2026-04-19T14:35:41+00:00
34637,34637,37,Electra Afikim,32.310009,34.881427,196,29.0,2026-04-19T13:55:41+00:00
34620,34620,5,Egged,32.059326,34.863613,332,0.0,2026-04-19T14:35:15+00:00
34620,34620,5,Egged,32.067497,34.848755,244,0.0,2026-04-19T14:30:54+00:00
34620,34620,5,Egged,32.071648,34.797512,286,25.0,2026-04-19T14:22:41+00:00
34620,34620,5,Egged,32.080406,34.794212,18,25.0,2026-04-19T14:34:46+00:00
34619,34619,5,Egged,32.116703,34.803856,218,0.0,2026-04-19T14:35:00+00:00
34619,34619,5,Egged,32.090622,34.795269,180,0.0,2026-04-19T14:35:01+00:00
34619,34619,5,Egged,32.077694,34.792328,194,43.0,2026-04-19T14:35:26+00:00
34619,34619,5,Egged,32.061344,34.804951,160,0.0,2026-04-19T14:35:40+00:00
34619,34619,5,Egged,32.055748,34.83371,204,32.0,2026-04-19T14:35:15+00:00
34619,34619,5,Egged,32.065262,34.845669,50,0.0,2026-04-19T14:35:31+00:00
3712,3712,3,Dan,32.788998,35.007393,90,0.0,2026-04-19T14:35:00+00:00
3712,3712,3,Dan,32.787422,34.999588,268,0.0,2026-04-19T14:35:41+00:00
3712,3712,3,Dan,32.802494,34.987324,120,18.0,2026-04-19T14:35:41+00:00
3712,3712,3,Dan,32.807709,34.990337,330,0.0,2026-04-19T14:26:18+00:00
3712,3712,3,Dan,32.820431,34.992535,308,0.0,2026-04-19T14:34:59+00:00
3719,3719,3,Dan,32.792934,34.957832,272,0.0,2026-04-19T14:35:34+00:00
3719,3719,3,Dan,32.819641,34.958744,10,0.0,2026-04-19T14:35:41+00:00
3719,3719,3,Dan,32.804131,34.98568,164,0.0,2026-04-19T14:34:23+00:00
3701,3701,3,Dan,32.802765,35.007187,82,0.0,2026-04-19T14:35:34+00:00
3701,3701,3,Dan,32.823498,34.976349,296,0.0,2026-04-19T14:35:30+00:00
3703,3703,3,Dan,32.821087,34.969563,24,22.0,2026-04-19T14:34:42+00:00
3703,3703,3,Dan,32.80571,35.002068,128,0.0,2026-04-19T14:35:01+00:00
3709,3709,3,Dan,32.830124,34.984142,292,0.0,2026-04-19T14:35:29+00:00
3709,3709,3,Dan,32.818996,34.99139,204,4.0,2026-04-19T14:35:40+00:00
3709,3709,3,Dan,32.80727,34.999046,158,0.0,2026-04-19T14:26:13+00:00
3709,3709,3,Dan,32.786873,34.99604,98,0.0,2026-04-19T14:35:33+00:00
3709,3709,3,Dan,32.785885,34.988354,42,0.0,2026-04-19T14:34:52+00:00
3709,3709,3,Dan,32.782349,35.012775,90,0.0,2026-04-19T14:35:25+00:00
34675,34675,15,Nateev Express,31.696256,34.759361,160,76.0,2026-04-19T14:35:29+00:00
20070,20070,3,Dan,32.007813,34.761196,193,83.0,2026-04-19T14:35:40+00:00
20070,20070,3,Dan,31.684549,34.609924,200,83.0,2026-04-19T14:35:39+00:00
20071,20071,8,,32.841571,35.429771,237,54.0,2026-04-19T14:35:29+00:00
3575,3575,3,Dan,32.818787,34.987724,298,0.0,2026-04-19T14:34:52+00:00
3575,3575,3,Dan,32.805042,35.002125,170,0.0,2026-04-19T14:27:19+00:00
3593,3593,3,Dan,32.786781,35.009933,18,0.0,2026-04-19T14:35:05+00:00
3595,3595,3,Dan,32.784531,35.012409,320,0.0,2026-04-19T14:35:40+00:00
3891,3891,3,Dan,32.750813,35.073765,226,65.0,2026-04-19T14:35:35+00:00
3891,3891,3,Dan,32.776054,35.041031,316,0.0,2026-04-19T14:26:37+00:00
3883,3883,3,Dan,32.767708,35.045719,144,55.0,2026-04-19T14:35:36+00:00
3883,3883,3,Dan,32.752899,35.09322,148,19.0,2026-04-19T14:35:03+00:00
3883,3883,3,Dan,32.747917,35.091015,212,24.0,2026-04-19T14:35:19+00:00
3877,3877,3,Dan,32.767155,35.046635,296,0.0,2026-04-19T14:34:40+00:00
3916,3916,3,Dan,32.784988,35.01746,188,0.0,2026-04-19T14:35:42+00:00
3916,3916,3,Dan,32.764889,35.047134,108,0.0,2026-04-19T14:34:53+00:00
3918,3918,3,Dan,32.760139,35.048309,163,0.0,2026-04-19T14:35:36+00:00
3918,3918,3,Dan,32.781101,35.014458,10,0.0,2026-04-19T14:35:07+00:00
3908,3908,3,Dan,32.798828,34.998707,264,0.0,2026-04-19T14:35:00+00:00
3908,3908,3,Dan,32.779884,35.013588,188,0.0,2026-04-19T14:34:44+00:00
34461,34461,38,,31.786502,35.18045,262,0.0,2026-04-19T14:31:41+00:00
34461,34461,38,,31.798248,35.230865,184,14.0,2026-04-19T14:24:41+00:00
34461,34461,38,,31.808679,35.205421,112,0.0,2026-04-19T14:14:39+00:00
34461,34461,38,,31.830669,35.236305,140,47.0,2026-04-19T14:33:54+00:00
34462,34462,38,,31.838647,35.247985,136,0.0,2026-04-19T13:42:01+00:00
34462,34462,38,,31.826047,35.187767,272,0.0,2026-04-19T14:35:00+00:00
34462,34462,38,,31.815288,35.202732,121,0.0,2026-04-19T14:35:36+00:00
34462,34462,38,,31.825695,35.188709,0,0.0,2026-04-19T13:56:41+00:00
34462,34462,38,,31.838703,35.240192,2,0.0,2026-04-19T14:35:35+00:00
34463,34463,38,,31.790485,35.246971,204,0.0,2026-04-19T14:26:41+00:00
34463,34463,38,,31.80758,35.22639,242,0.0,2026-04-19T14:35:01+00:00
34463,34463,38,,31.811733,35.212802,15,0.0,2026-04-19T14:35:39+00:00
34463,34463,38,,31.841947,35.240314,354,22.0,2026-04-19T14:35:35+00:00
34464,34464,38,,31.838447,35.246803,328,0.0,2026-04-19T14:35:00+00:00
34464,34464,38,,31.837478,35.245151,88,36.0,2026-04-19T14:33:43+00:00
34464,34464,38,,31.825878,35.188766,338,0.0,2026-04-19T14:29:41+00:00
34464,34464,38,,31.832242,35.233318,146,58.0,2026-04-19T14:35:36+00:00
34457,34457,18,Galim,32.501911,35.087089,0,0.0,2026-04-19T14:10:26+00:00
34457,34457,18,Galim,32.502979,35.059528,138,32.0,2026-04-19T14:07:11+00:00
34457,34457,18,Galim,32.501911,35.087089,0,0.0,2026-04-19T14:16:14+00:00
34457,34457,18,Galim,32.500881,35.107376,108,25.0,2026-04-19T14:35:29+00:00
34450,34450,22,,32.0657538,34.7835211,45,38.0,2026-04-19T14:35:44+00:00
34450,34450,22,,32.087365,34.8130949,0,0.0,2026-04-19T14:35:42+00:00
34450,34450,22,,32.0937871,34.8450875,78,47.0,2026-04-19T14:35:44+00:00
34458,34458,18,Galim,32.497917,35.124458,246,0.0,2026-04-19T14:34:14+00:00
34458,34458,18,Galim,32.501655,35.105113,282,36.0,2026-04-19T14:35:36+00:00
34459,34459,38,,31.786657,35.203643,102,0.0,2026-04-19T13:42:41+00:00
34459,34459,38,,31.826164,35.188117,274,0.0,2026-04-19T14:35:00+00:00
34459,34459,38,,31.817501,35.196743,126,0.0,2026-04-19T14:29:19+00:00
34459,34459,38,,31.809055,35.219543,106,0.0,2026-04-19T14:35:31+00:00
34459,34459,38,,31.807832,35.226295,106,0.0,2026-04-19T14:02:51+00:00
34460,34460,38,,31.784448,35.201557,186,0.0,2026-04-19T14:18:41+00:00
34460,34460,38,,31.809988,35.217041,270,0.0,2026-04-19T14:35:20+00:00
34460,34460,38,,31.81517,35.20684,42,0.0,2026-04-19T14:35:19+00:00
34447,34447,22,,32.052713,34.759195,186,0.0,2026-04-19T14:35:40+00:00
34447,34447,22,,32.029751,34.7501057,199,19.0,2026-04-19T14:35:44+00:00
34447,34447,22,,32.0814906,34.7960738,251,4.0,2026-04-19T14:35:44+00:00
34447,34447,22,,32.0946233,34.8860465,0,6.0,2026-04-19T14:35:44+00:00
34447,34447,22,,32.0914578,34.8670506,276,30.0,2026-04-19T14:35:44+00:00
34447,34447,22,,32.0927229,34.8527056,269,0.0,2026-04-19T14:35:28+00:00
34447,34447,22,,32.0908894,34.8227582,256,22.0,2026-04-19T14:35:44+00:00
34447,34447,22,,32.06264,34.7747426,235,0.0,2026-04-19T14:35:04+00:00
34447,34447,22,,32.0583279,34.7625389,244,0.0,2026-04-19T14:35:36+00:00
34447,34447,22,,32.0267134,34.7439844,267,0.0,2026-04-19T14:35:26+00:00
34447,34447,22,,32.0150784,34.7528531,116,0.0,2026-04-19T14:35:42+00:00
34447,34447,22,,32.0041516,34.7480479,203,16.0,2026-04-19T14:35:44+00:00
34448,34448,22,,32.0160216,34.7506346,294,25.0,2026-04-19T14:35:44+00:00
34448,34448,22,,32.0266265,34.7435845,3,10.0,2026-04-19T14:35:44+00:00
34448,34448,22,,32.0319891,34.7513219,27,38.0,2026-04-19T14:35:44+00:00
34448,34448,22,,32.0608897,34.7685736,61,62.0,2026-04-19T14:35:44+00:00
34448,34448,22,,32.0705241,34.788814,37,22.0,2026-04-19T14:35:44+00:00
34448,34448,22,,32.0926256,34.8533901,90,2.0,2026-04-19T14:35:44+00:00
34448,34448,22,,32.0576968,34.7601314,8,9.0,2026-04-19T14:35:44+00:00
34448,34448,22,,32.005138,34.7486391,0,3.0,2026-04-19T14:35:44+00:00
34448,34448,22,,32.0453321,34.7583147,18,24.0,2026-04-19T14:35:44+00:00
34448,34448,22,,32.0828638,34.8028399,76,25.0,2026-04-19T14:35:44+00:00
34448,34448,22,,32.0920629,34.8778004,0,0.0,2026-04-19T14:35:34+00:00
34449,34449,22,,32.1059117,34.8606171,0,11.0,2026-04-19T14:35:44+00:00
34449,34449,22,,32.0926392,34.8351512,268,72.0,2026-04-19T14:35:44+00:00
34449,34449,22,,32.0829494,34.8024843,244,21.0,2026-04-19T14:35:44+00:00
34449,34449,22,,32.0650069,34.7824003,225,0.0,2026-04-19T14:35:42+00:00
34449,34449,22,,32.0597682,34.7657364,249,35.0,2026-04-19T14:35:44+00:00
3773,3773,3,Dan,32.830109,34.984104,326,0.0,2026-04-19T14:34:55+00:00
3773,3773,3,Dan,32.80529,34.987877,220,0.0,2026-04-19T14:35:27+00:00
3773,3773,3,Dan,32.794476,34.985157,168,40.0,2026-04-19T14:35:39+00:00
3773,3773,3,Dan,32.73534,35.065315,124,54.0,2026-04-19T14:34:50+00:00
3777,3777,3,Dan,32.683701,35.06765,22,34.0,2026-04-19T14:35:21+00:00
3777,3777,3,Dan,32.709724,35.06736,8,25.0,2026-04-19T14:35:41+00:00
3777,3777,3,Dan,32.778126,34.998608,312,40.0,2026-04-19T14:35:42+00:00
3777,3777,3,Dan,32.823654,34.993137,50,4.0,2026-04-19T14:35:42+00:00
3761,3761,3,Dan,32.804245,35.008118,318,23.0,2026-04-19T14:35:34+00:00
3768,3768,3,Dan,32.806351,34.991566,148,0.0,2026-04-19T14:35:40+00:00
3791,3791,3,Dan,32.830509,34.981022,102,0.0,2026-04-19T14:35:27+00:00
3791,3791,3,Dan,32.820606,34.984001,163,0.0,2026-04-19T14:32:03+00:00
3791,3791,3,Dan,32.797428,35.015755,132,0.0,2026-04-19T14:35:05+00:00
3791,3791,3,Dan,32.796375,35.017979,312,4.0,2026-04-19T14:26:44+00:00
3794,3794,3,Dan,32.80365,35.007008,282,26.0,2026-04-19T14:35:17+00:00
3794,3794,3,Dan,32.831333,34.978813,274,0.0,2026-04-19T14:35:03+00:00
3782,3782,3,Dan,32.78854,35.018837,144,0.0,2026-04-19T14:35:33+00:00
3782,3782,3,Dan,32.78854,35.018837,144,0.0,2026-04-19T14:35:33+00:00
3723,3723,3,Dan,32.81707,34.959572,142,18.0,2026-04-19T14:35:41+00:00
3726,3726,3,Dan,31.717131,35.998871,100,0.0,2026-04-19T14:35:03+00:00
3729,3729,3,Dan,32.817017,34.978748,121,29.0,2026-04-19T14:35:27+00:00
3753,3753,3,Dan,32.765434,35.015553,112,41.0,2026-04-19T14:35:15+00:00
3743,3743,3,Dan,32.798737,34.984676,206,0.0,2026-04-19T14:35:42+00:00
3748,3748,3,Dan,32.803917,34.972725,124,0.0,2026-04-19T14:33:51+00:00
34314,34314,18,Galim,32.462814,35.043819,301,36.0,2026-04-19T14:19:18+00:00
34319,34319,31,Nadan,31.664091,34.566986,226,0.0,2026-04-19T14:35:24+00:00
34315,34315,18,Galim,32.479522,34.947868,176,0.0,2026-04-19T14:35:35+00:00
34316,34316,3,Dan,32.074547,34.790585,194,0.0,2026-04-19T14:35:18+00:00
34316,34316,3,Dan,32.052052,34.784161,180,65.0,2026-04-19T14:35:40+00:00
34316,34316,3,Dan,31.885347,34.946636,142,22.0,2026-04-19T14:35:36+00:00
34316,34316,3,Dan,31.871664,34.962246,120,7.0,2026-04-19T14:35:10+00:00
34316,34316,3,Dan,31.854546,34.982277,164,29.0,2026-04-19T14:35:33+00:00
34317,34317,3,Dan,31.739096,35.212002,212,43.0,2026-04-19T14:35:43+00:00
34317,34317,3,Dan,31.74493,35.213017,106,0.0,2026-04-19T14:32:05+00:00
34317,34317,3,Dan,31.766787,35.202705,208,0.0,2026-04-19T14:35:29+00:00
34317,34317,3,Dan,31.92437,34.927891,348,22.0,2026-04-19T14:35:38+00:00
34317,34317,3,Dan,32.014629,34.826721,311,101.0,2026-04-19T14:35:42+00:00
34318,34318,31,Nadan,31.664043,34.565994,276,0.0,2026-04-19T14:35:38+00:00
34328,34328,18,Galim,32.569271,34.954879,176,94.0,2026-04-19T14:25:15+00:00
34328,34328,18,Galim,32.538116,35.040477,75,0.0,2026-04-19T14:26:11+00:00
34329,34329,18,Galim,32.58496,34.95721,144,54.0,2026-04-19T14:33:29+00:00
34368,34368,18,Galim,32.195808,34.886463,328,0.0,2026-04-19T14:34:24+00:00
20542,20542,16,Kavim,31.71767,35.997974,284,0.0,2026-04-19T14:32:29+00:00
20464,20464,3,Dan,33.216965,35.608376,208,40.0,2026-04-19T14:35:41+00:00
20461,20461,3,Dan,33.20908,35.569363,212,0.0,2026-04-19T14:33:42+00:00
20461,20461,3,Dan,33.161213,35.651333,58,0.0,2026-04-19T14:33:20+00:00
20466,20466,3,Dan,33.214294,35.570644,188,0.0,2026-04-19T14:35:31+00:00
20493,20493,15,Nateev Express,31.807802,35.033851,127,25.0,2026-04-19T14:35:35+00:00
